year,county_name,precinct_code,total_precinct_votes,total_registered_voters,voter_turnout,anomaly_score
2024,Chester,790,30427,4614,6.594495015171218,-0.08828760747978448
2024,York,10,35025,5307,6.599773883550029,-0.08828760747978448
2024,York,240,34671,5346,6.485409652076319,-0.08618203815311176
2024,Chester,880,29171,4456,6.546454219030521,-0.08513138846211221
2024,Chester,710,31506,4822,6.533803401078391,-0.08513138846211221
2024,York,200,37060,5901,6.280291476021014,-0.0817835185721334
2024,York,160,31316,4996,6.268214571657325,-0.0807388168122476
2024,York,610,31633,4960,6.377620967741936,-0.08021699581643482
2024,Franklin,250,23800,3487,6.825351304846573,-0.07937815959697392
2012,York,240,27082,4477,6.049140049140049,-0.07865364949951947
2024,Centre,610,30368,7654,3.967598641233342,-0.07852688869743585
2024,Cumberland,350,26776,4166,6.4272683629380705,-0.07709347318052118
2024,Franklin,50,24913,3842,6.484383133784487,-0.07625803532916531
2024,Chester,1832,25000,3860,6.476683937823834,-0.07625803532916531
2024,Butler,5,26127,4003,6.526854858855858,-0.07625803532916531
2020,York,200,24600,5533,4.446050966925719,-0.07345308785562876
2024,Chester,80,28011,4821,5.8102053515868075,-0.07335238003446909
2016,Chester,80,25467,4208,6.052043726235741,-0.07294845192234167
2016,Chester,790,25868,4268,6.060918462980319,-0.07294845192234167
2020,York,240,29494,5092,5.79222309505106,-0.07231907934494552
2020,York,10,28518,4898,5.822376480195999,-0.07231907934494552
2020,Chester,80,27434,4610,5.950976138828634,-0.07196006019158807
2024,York,155,29889,5094,5.8674911660777385,-0.07163424522711703
2024,Chester,1355,29268,4986,5.870036101083032,-0.07163424522711703
2016,York,240,28731,4908,5.853911980440098,-0.07163424522711703
2012,Chester,380,27153,4768,5.6948406040268456,-0.07128717594403422
2020,Monroe,173,22426,5770,3.8866551126516464,-0.07075885868417309
2016,Chester,710,24850,3984,6.237449799196787,-0.06985437625970636
2024,York,1010,24941,4092,6.095063538611925,-0.06985437625970636
2024,Montgomery,3320,26415,4443,5.945307224848076,-0.06938412995808474
2020,Chester,710,26737,4548,5.878847845206685,-0.06905941534109516
2020,Monroe,220,23507,5334,4.4070116235470564,-0.06892020708178292
2024,York,80,24823,4058,6.117052735337604,-0.06882580577203934
2020,Chester,790,26693,4619,5.778956484087465,-0.06871351818591687
2004,Lancaster,1230,26843,4656,5.765249140893471,-0.06871351818591687
2024,Chester,590,23466,3598,6.521956642579211,-0.06858912698604946
2016,York,10,25545,4463,5.723728433788931,-0.06819983059080537
2004,Butler,10,30154,5809,5.190910655878809,-0.06819335392764303
2016,York,1050,29784,5608,5.310984308131241,-0.06742956486434137
2024,Monroe,220,30244,5678,5.3265234237407535,-0.06742956486434137
2004,Lancaster,500,22582,5100,4.427843137254902,-0.06686698176495143
2016,York,200,21540,5023,4.288273939876568,-0.06643053843961488
2020,Monroe,176,20918,5344,3.9142964071856285,-0.06613574151958224
2024,Erie,1440,22908,3440,6.659302325581395,-0.06594862651365696
2024,Westmoreland,2780,23903,3729,6.410029498525073,-0.06574843214117165
2012,York,10,24375,4043,6.028938906752412,-0.06574843214117165
2024,Lehigh,880,24985,4497,5.555926173004225,-0.06563659946453271
2024,Montgomery,3270,24897,4418,5.635355364418289,-0.06563659946453271
2020,Centre,610,13437,9469,1.4190516422008659,-0.06543680897371529
2024,York,410,26195,4842,5.409954564229658,-0.06501893301986184
2024,York,970,22736,3455,6.5806078147612155,-0.0649253376053962
2004,Cumberland,810,24174,3809,6.3465476503019165,-0.0642144237362835
2024,Pike,35,25317,4904,5.162520391517129,-0.06409637612111296
2016,Monroe,220,20996,4769,4.40260012581254,-0.06285280008607219
2024,York,950,24802,4681,5.298440504165777,-0.0628266590926514
2024,Franklin,650,23186,3636,6.376787678767877,-0.06275915272224786
2024,York,280,23040,3597,6.405337781484571,-0.06275915272224786
2024,Monroe,53,20380,5254,3.8789493719071184,-0.06255939605393757
2024,Northampton,1030,24377,4477,5.444940808577172,-0.06246644447147187
2020,Butler,5,24436,4463,5.475240869370379,-0.06246644447147187
2024,Pike,25,26481,4920,5.382317073170731,-0.06246644447147187
2012,Monroe,160,21143,4671,4.52643973453222,-0.06216183229514727
2020,York,155,23864,4692,5.086104006820119,-0.06205618810666014
2020,York,160,24682,4577,5.392615250163863,-0.061956982131408656
2024,Franklin,315,22157,3401,6.514848573948838,-0.061939310499011246
2008,York,610,19495,4418,4.412630149388864,-0.061758163531940635
2024,Montgomery,3310,24508,4169,5.878627968337731,-0.06138698285115207
2012,York,200,21865,4775,4.5790575916230365,-0.06114366410778793
2016,York,160,24086,4393,5.482813567038471,-0.060939090954220676
2020,Monroe,53,18172,5639,3.2225571909913104,-0.060740541208695764
2020,Pike,25,21269,4751,4.476741738581351,-0.060635096440120995
2016,Monroe,173,20621,5137,4.014210628771656,-0.060598772074751395
2024,Cumberland,830,22435,3358,6.68106015485408,-0.06033763443335127
2024,Lehigh,1245,24239,4710,5.146284501061571,-0.060021514080626504
2012,Lehigh,1240,19333,4538,4.260246804759806,-0.059799624828549724
2020,Pike,35,19769,4622,4.277152747728256,-0.059799624828549724
2012,York,1050,24087,4924,4.8917546709991875,-0.05951370538752654
2020,Monroe,370,19083,4934,3.8676530198621806,-0.05950740946099775
2012,Monroe,173,17795,5099,3.4898999803883113,-0.05929196621190558
2016,Monroe,53,16592,5133,3.2324176894603545,-0.05921668730614216
2024,York,235,22375,3503,6.387382243791036,-0.05919876132312396
2016,Butler,730,19957,4944,4.03661003236246,-0.05907520563752422
2016,Monroe,176,20064,4994,4.0176211453744495,-0.05907520563752422
2024,Pike,10,22429,4389,5.110275689223058,-0.059006240154635625
2008,York,1050,20080,5016,4.003189792663477,-0.058999948486403886
2020,York,610,21759,4612,4.717909800520381,-0.05860426317922107
2024,Chester,60,24193,4352,5.559053308823529,-0.058505512087266065
2024,Lehigh,1300,23947,4284,5.589869281045751,-0.058505512087266065
2012,Monroe,176,16659,4933,3.377052503547537,-0.05827767882249546
2008,Chester,380,22915,4560,5.025219298245614,-0.05799233914043067
2020,York,410,18894,4277,4.417582417582418,-0.05769592332272211
2012,Monroe,220,21024,4544,4.626760563380282,-0.05759090574139791
2016,Monroe,160,19212,4745,4.048893572181243,-0.05755472853653698
2008,York,240,23321,4806,4.852476071577195,-0.05748590289498412
2008,Monroe,220,18613,4777,3.89637848021771,-0.057479623984370454
2020,York,950,20334,4434,4.585926928281461,-0.0570847410084343
2016,Chester,880,23108,3852,5.998961578400831,-0.05699181039306733
2020,Lehigh,880,22069,4482,4.9239178937974115,-0.05697980918148138
2016,York,155,22778,4396,5.181528662420382,-0.05697980918148138
2024,Chester,1824,21884,3315,6.601508295625942,-0.056788684481848484
2004,Chester,380,23541,4423,5.322405607054035,-0.05622730484681626
2016,Pike,25,19291,4275,4.512514619883041,-0.05607343835587042
2024,Cumberland,275,23618,4195,5.630035756853397,-0.055975020767674244
2008,York,155,18648,4359,4.278045423262216,-0.05524303870427416
2008,Monroe,173,16381,5067,3.232879415827906,-0.05516816615918596
2008,York,200,17983,4678,3.844164172723386,-0.05495259731040092
2020,Butler,420,22861,4160,5.495432692307692,-0.05446082991271817
2012,Pike,25,17017,4401,3.866621222449443,-0.05444821701708502
2004,York,240,23289,4317,5.394718554551772,-0.054356266244072415
2012,Butler,730,17040,4562,3.7352038579570364,-0.054298859046485015
2016,Cumberland,269,21790,3489,6.245342505015764,-0.05414165010170113
2008,Monroe,160,18357,4836,3.7959057071960296,-0.053839686687433774
2024,Lehigh,1340,23457,3931,5.967183922665988,-0.05360640210666745
2012,Chester,80,23568,3984,5.9156626506024095,-0.05328842718428595
2024,Butler,15,20713,3019,6.860881086452467,-0.05325650298721252
2020,Chester,880,23504,4155,5.656799037304452,-0.05294970938313037
2024,York,1100,22834,4227,5.401939910101727,-0.052845357738275034
2024,York,640,23446,4354,5.384933394579697,-0.052845357738275034
2008,Monroe,176,15947,5079,3.139791297499508,-0.05264894577735757
2016,York,610,20323,4315,4.7098493626882965,-0.05254463633233908
2024,Monroe,23,21421,4244,5.047360980207351,-0.052440341522873024
2012,Monroe,53,15374,5173,2.971969843417746,-0.05214612357599224
2004,Pike,20,15483,4821,3.2115743621655257,-0.05214612357599224
2012,Chester,790,23264,3908,5.952917093142272,-0.052097014100664474
2020,Cumberland,275,23228,4120,5.637864077669903,-0.051943998358114696
2016,Lehigh,880,21799,4250,5.129176470588235,-0.0519376604125561
2008,Columbia,150,13105,5498,2.3835940341942523,-0.051747824471786164
2024,Pike,65,18625,4270,4.361826697892272,-0.05171816024149467
2012,Chester,880,22204,3736,5.943254817987152,-0.05159456520241834
2008,York,160,19213,4271,4.498478108171389,-0.05153947307039641
2024,York,728,21452,4181,5.130829944989237,-0.051435319294369175
2024,Chester,380,20941,3243,6.457292630280604,-0.05132009057858289
2020,Butler,15,23476,3999,5.870467616904226,-0.05127744966653813
2004,Monroe,160,14923,4463,3.343714989917096,-0.05114149920591515
2020,Chester,60,20619,4280,4.817523364485981,-0.050933317938356204
2004,Lehigh,910,22365,4087,5.472229018840225,-0.050835577698297385
2024,Franklin,240,21128,3268,6.465116279069767,-0.05081816715837395
2008,Monroe,53,12931,5603,2.3078707835088346,-0.05081816715837395
2024,Chester,270,20460,3119,6.559794806027573,-0.05074373870466198
2016,Monroe,370,15184,4347,3.4929836668967105,-0.05071411458804842
2024,Wayne,190,21418,4163,5.144847465769877,-0.05043165611471634
2004,Monroe,220,17539,4292,4.086439888164026,-0.050395824998166194
2016,Allegheny,5950,14742,4804,3.068692756036636,-0.05013823334668199
2020,Northampton,1030,19464,4194,4.6409155937052935,-0.0500342761771807
2024,Montgomery,3300,22582,3916,5.766598569969356,-0.04993665440988382
2024,Cumberland,269,22615,3918,5.772077590607453,-0.04993665440988382
2020,Cumberland,269,22282,4036,5.520812685827552,-0.04993665440988382
2024,Montgomery,2960,22427,3839,5.841885907788487,-0.049772784078277454
2024,Montgomery,1989,22841,4024,5.676192842942346,-0.04943566668707866
2016,Butler,5,22301,3924,5.683231396534149,-0.04943566668707866
2008,Pike,25,14287,4596,3.1085726718885986,-0.04913632416123648
2012,York,610,22600,4034,5.602379771938523,-0.04893501781106835
2024,York,590,21489,4144,5.185569498069498,-0.04842839955331302
2000,Butler,10,20480,4259,4.808640525945058,-0.04842839955331302
2008,Butler,730,18104,4134,4.37929366231253,-0.04820993650004746
2012,Cumberland,650,14263,4394,3.246017296313154,-0.04813576981500611
2020,Lehigh,1245,19719,4157,4.743565070964638,-0.04803209360913396
2012,York,155,21147,4132,5.117860600193611,-0.04792843194996521
2012,Monroe,370,17655,4239,4.164897381457891,-0.04789272184283189
2012,Dauphin,1145,21229,3597,5.9018626633305535,-0.047771308241372545
2024,Lehigh,1250,21905,3737,5.861653732940861,-0.047771308241372545
2012,York,160,21821,4137,5.274595117234711,-0.04768450091285947
2004,Berks,40,18370,4134,4.443638122883406,-0.04753239405027665
2016,Chester,1420,22342,3988,5.602306920762286,-0.04743510197276535
2020,Chester,1355,20835,4134,5.0399129172714074,-0.04742880250344672
2024,York,630,21387,3466,6.170513560300058,-0.04711893122569999
2016,York,950,20833,4106,5.073794447150512,-0.04692951098504261
2016,Lebanon,490,21060,4242,4.964639321074965,-0.046826004028124646
2008,Monroe,370,15064,4293,3.5089680875844396,-0.04620088460727689
2024,Cumberland,620,22157,3975,5.574088050314465,-0.04593822751437404
2024,York,1040,21583,3734,5.780128548473487,-0.04593822751437404
2024,Clearfield,640,21042,3397,6.194289078598763,-0.04562269786685191
2024,Northampton,780,21722,3772,5.758748674443266,-0.04543994415751651
2020,Montgomery,3310,20631,4088,5.046722113502935,-0.04543366171368801
2008,Chester,1290,22364,2464,9.0762987012987,-0.04508476893943292
2020,York,1010,18751,4063,4.615062761506276,-0.04503896131949503
2024,Monroe,350,19195,4108,4.672590068159688,-0.04503896131949503
2020,York,1100,18869,4106,4.595470043838286,-0.04503896131949503
2016,Lebanon,110,21166,4030,5.2521091811414395,-0.04493571962368503
2004,York,1050,17511,4102,4.2688932228181375,-0.044718288787930494
2020,York,640,18974,4049,4.686095332180785,-0.04454128618805686
2024,Montgomery,1987,21159,3643,5.808125171561899,-0.04444438826888708
2012,Lehigh,880,21184,4104,5.161793372319688,-0.044438114320540345
2020,Montgomery,3270,20547,4127,4.978677005088442,-0.04433495692896405
2024,Montgomery,2035,20592,3540,5.816949152542373,-0.04394711528138051
2024,Northampton,601,21692,3924,5.528032619775739,-0.04394711528138051
2004,Erie,850,8206,8343,0.9835790483039674,-0.04373460607995894
2020,Pike,10,17811,4095,4.349450549450549,-0.04372370876319043
2004,Butler,250,21202,3560,5.95561797752809,-0.04360144447158698
2020,Butler,540,21288,3713,5.733369243199569,-0.04345017862817968
2020,Montgomery,3320,20462,4015,5.0963885429638855,-0.043443913163826675
2024,Chester,1410,20691,3506,5.9015972618368515,-0.04328774331787888
2008,York,10,20008,4103,4.876431879112844,-0.04245105642308844
2016,York,410,20382,4094,4.978505129457743,-0.04234817783359235
2024,Chester,1680,20271,2874,7.053235908141962,-0.04230928007635837
2024,Allegheny,4870,20749,3294,6.299028536733455,-0.04214327461549594
2004,Chester,790,20435,3387,6.033362857986418,-0.04206971679609017
2024,Lehigh,920,21335,3936,5.420477642276423,-0.04185857451624797
2024,Chester,1770,20767,3471,5.983002016709882,-0.04112128740626153
2016,York,728,21368,3857,5.540057039149598,-0.04097053242026705
2024,Bucks,2250,21090,3738,5.642054574638844,-0.04097053242026705
2020,Cumberland,350,20557,3755,5.4745672436751,-0.04086786156159372
2020,York,728,21376,4005,5.337328339575531,-0.04072265673564612
2012,Allegheny,5950,9433,4722,1.9976704786107582,-0.04068546527662131
2004,York,610,18656,3978,4.689793866264455,-0.04057198385873906
2004,Butler,380,19988,3966,5.039838628340898,-0.04046936892001052
2016,Clearfield,640,19265,4004,4.811438561438561,-0.04046936892001052
2020,Monroe,240,17001,4100,4.1465853658536584,-0.040434019394594345
2020,Pike,65,14672,4119,3.562029618839524,-0.040241553531400465
2024,Perry,40,20588,3707,5.5538171027785275,-0.039981020327201744
2004,Chester,780,20519,3711,5.529237402317435,-0.039981020327201744
2016,Chester,60,19666,3866,5.086911536471805,-0.039974784466582314
2016,York,640,19663,3980,4.9404522613065325,-0.039974784466582314
2016,York,1010,19636,3892,5.045220966084275,-0.03948053452904965
2004,Lehigh,1210,19743,3978,4.963046757164404,-0.03937807273047067
2016,Northampton,90,8462,4291,1.9720344907946865,-0.0392755470660735
2008,Chester,80,20830,3924,5.308358817533129,-0.03923939310499647
2020,Lehigh,1300,19019,3954,4.8100657561962565,-0.038986618881160284
2012,Lehigh,1010,18776,3905,4.808194622279129,-0.038986618881160284
2016,Chester,1770,20095,3210,6.2601246105919,-0.038680291313846094
2016,Centre,640,12751,4753,2.6827266989269933,-0.03852455763875762
2024,Montgomery,1822,19975,3598,5.551695386325736,-0.03849926051297747
2020,Westmoreland,2780,19893,3599,5.527368713531536,-0.03849926051297747
2024,York,890,19951,3824,5.217311715481172,-0.03849303729681497
2024,Fayette,860,19487,3602,5.410049972237646,-0.038396936395961534
2024,Monroe,140,20694,3896,5.311601642710472,-0.038252221958062216
2012,Westmoreland,1680,20520,3345,6.134529147982063,-0.03818691691644294
2020,Chester,1770,20560,3430,5.994169096209912,-0.03815615279106088
2024,Pike,55,17335,3881,4.466632311259985,-0.038102057935992084
2004,Chester,80,20097,3897,5.157043879907621,-0.03799978955006722
2016,Montgomery,2025,18898,3710,5.093800539083558,-0.03799978955006722
2016,Centre,630,12507,4546,2.751209854817422,-0.03743616384037207
2012,Centre,640,12220,4586,2.664631487134758,-0.03743616384037207
2024,Chester,1030,19873,3031,6.556581986143187,-0.03739380909284551
2024,York,1130,19979,3731,5.354864647547575,-0.03726638572072005
2012,Montgomery,3310,19942,3226,6.181649101053937,-0.037201168988333366
2024,Butler,375,19973,3143,6.354756601972638,-0.03717208590347154
2024,Delaware,2120,20355,3437,5.92231597323247,-0.03717044646397072
2016,Westmoreland,1680,20218,3582,5.644332774986041,-0.03702050526368794
2020,Chester,590,20299,3590,5.654317548746518,-0.03702050526368794
2020,Perry,40,20231,3590,5.635376044568245,-0.03702050526368794
2024,York,700,18907,3683,5.13358674993212,-0.037014294666343206
2020,Lehigh,1340,19296,3758,5.134646088344864,-0.037014294666343206
2004,York,160,19773,3825,5.169411764705882,-0.037014294666343206
2020,Monroe,23,16744,4022,4.163102933863749,-0.03697911216413108
2016,Chester,1355,19500,3616,5.392699115044247,-0.03691838862932273
2008,Cumberland,710,19403,3561,5.448750351024993,-0.03691838862932273
2004,York,10,19609,3560,5.508146067415731,-0.03652825347499866
2012,York,1010,18839,3738,5.039860888175495,-0.03652204707823781
2016,Montgomery,3310,19807,3711,5.337375370520076,-0.036281882587828274
2008,Chester,790,19645,3684,5.332519001085776,-0.036281882587828274
2020,Wayne,190,16939,3920,4.321173469387755,-0.036161380663569886
2016,Cumberland,275,19701,3262,6.039546290619252,-0.03614379102654797
2016,Westmoreland,1690,19944,3558,5.6053962900505905,-0.03603633462448963
2024,Bucks,820,20076,3449,5.820817628298057,-0.03603633462448963
2024,Chester,240,20113,3487,5.767995411528535,-0.03554474848697575
2016,Montgomery,3270,19193,3706,5.178899082568807,-0.035538550482861586
2008,Lehigh,880,16449,4068,4.043510324483776,-0.035503439320222596
2008,York,410,16437,4105,4.004141291108405,-0.035430547891595277
2004,Erie,1070,16885,261,64.69348659003832,-0.03529000377869573
2004,Montgomery,2480,18183,3806,4.777456647398844,-0.03514915509249539
2016,Lebanon,60,19382,3525,5.498439716312057,-0.03505349483742426
2024,Chester,1320,19717,3050,6.464590163934426,-0.035007458203180186
2020,Montgomery,1989,19237,3844,5.004422476586889,-0.03494546124929854
2012,York,410,19206,3846,4.993759750390016,-0.03494546124929854
2008,York,728,15631,4000,3.90775,-0.03493937148247084
2016,Montgomery,3320,19182,3608,5.316518847006652,-0.03480762351659483
2020,Chester,1832,19443,3230,6.019504643962848,-0.034669811963625397
2020,Northampton,601,17422,3720,4.683333333333334,-0.03465816900549601
2020,York,590,17850,3864,4.619565217391305,-0.03465816900549601
2024,Montgomery,3290,20196,3367,5.998217998217998,-0.034568025152655224
2024,Montgomery,1263,20026,3539,5.658660638598474,-0.03456257345095415
2024,Northampton,594,19530,3526,5.53885422575156,-0.03456257345095415
2012,Lebanon,110,18643,3643,5.117485588800439,-0.03455638382813753
2024,Montgomery,2205,20078,3382,5.93672383205204,-0.034221317847956456
2016,Monroe,240,16666,3794,4.392725355824987,-0.033706350300103716
2000,Lancaster,500,14791,4000,3.69775,-0.033706350300103716
2012,Chester,710,19745,3457,5.711599652878218,-0.033581726568496006
2016,Centre,610,10802,4573,2.3621255193527224,-0.033444900243607134
2016,Franklin,250,19589,3038,6.447992100065833,-0.0331950107604434
2012,York,640,17587,3682,4.776480173818577,-0.033187202338906596
2020,Monroe,140,16908,3788,4.463569165786695,-0.03304210549471431
2016,Lehigh,1340,19085,3534,5.400396151669496,-0.03299023522170874
2012,Pike,10,14232,3966,3.588502269288956,-0.03286010852171528
2020,Montgomery,1987,18579,3634,5.112548156301596,-0.03259603314938875
2004,Lancaster,1680,17664,3676,4.805223068552775,-0.03259603314938875
2004,Monroe,176,11003,4352,2.528262867647059,-0.03246556474313167
2024,York,790,18895,3553,5.3180410920349,-0.032357165083302886
2016,Chester,590,20205,3376,5.98489336492891,-0.03226187274747849
2012,York,950,18266,3629,5.033342518600166,-0.032106773885518525
2016,Pike,35,16332,3962,4.12216052498738,-0.0320718286198417
2020,Monroe,350,16232,4046,4.011863568956994,-0.0320718286198417
2008,Chester,880,19023,3541,5.372211239762779,-0.03186806737963643
2016,Wayne,190,17156,3736,4.592077087794433,-0.031719218351982215
2004,Cumberland,710,18960,3127,6.063319475535657,-0.031701949599396095
2020,Northampton,780,18040,3634,4.9642267473858,-0.03151648694315912
2016,Northampton,10,18098,3632,4.982929515418502,-0.03151648694315912
2012,York,728,17355,3653,4.750889679715303,-0.031230552128360678
2004,York,1010,17086,3622,4.717283268912203,-0.031230552128360678
2020,Clearfield,640,19321,3479,5.553607358436333,-0.031135408253880503
2020,York,280,19653,3472,5.660426267281106,-0.031135408253880503
2016,Westmoreland,2780,19407,3416,5.681206088992974,-0.031135408253880503
2020,Erie,1440,16538,3655,4.524760601915185,-0.031085847435437408
2016,Perry,40,19753,3379,5.845812370523824,-0.03097569737491257
2024,Bucks,2810,19359,3282,5.89853747714808,-0.03097569737491257
2004,Monroe,53,11443,4683,2.443519111680547,-0.030654042650094193
2012,Clearfield,640,17730,3638,4.873556899395272,-0.030640980683777075
2012,Montgomery,1271,18091,3595,5.032267037552156,-0.030640980683777075
2004,York,155,17786,3641,4.884921724800879,-0.030640980683777075
2024,Northampton,90,12533,4234,2.9600850259801605,-0.030631213782304934
2024,Butler,540,19397,2856,6.791666666666667,-0.030573884606798885
2016,York,1100,18555,3700,5.014864864864865,-0.030539759154041612
2020,Pike,55,14799,3772,3.9233828207847297,-0.030533706356816626
2024,Chester,220,19737,3346,5.898684997011356,-0.030487534037267006
2004,Berks,385,19336,3265,5.9222052067381314,-0.03030772341264365
2016,York,590,18265,3562,5.127737226277373,-0.03015304373426997
2012,Lebanon,490,18531,3556,5.21119235095613,-0.03015304373426997
2008,York,1010,15825,3917,4.040081695174878,-0.030118192914687758
2012,Pike,35,14180,3911,3.62567118384045,-0.029928442331195737
2024,Butler,360,19319,2999,6.441813937979326,-0.02992275550578416
2004,Westmoreland,1690,19312,3396,5.686690223792698,-0.029671584690597053
2012,Chester,1770,19298,3076,6.27373211963589,-0.029334251970741798
2000,Cumberland,810,18942,3108,6.094594594594595,-0.029334251970741798
2016,Butler,15,19235,3226,5.962492250464972,-0.029332630183081965
2020,Butler,10,19352,3422,5.655172413793103,-0.029184303399323097
2012,Monroe,350,14453,3756,3.847976570820021,-0.029071102864697163
2024,Montgomery,2195,18980,3228,5.879801734820322,-0.02902502416877728
2020,York,1040,15961,3695,4.319621109607578,-0.028821135074912796
2004,Erie,1120,18821,3107,6.0576118442227225,-0.028774975445594597
2008,Lebanon,110,16033,3629,4.418021493524387,-0.028748914299356
2008,Allegheny,5950,11576,4405,2.627922814982974,-0.028704238775812185
2004,Westmoreland,1680,19298,3320,5.812650602409638,-0.028697351684396466
2024,York,714,18406,3568,5.158632286995516,-0.02869121211189385
2012,Fayette,860,15327,3790,4.044063324538259,-0.028656431959331763
2008,York,640,15287,3786,4.037770734284205,-0.028656431959331763
2024,Chester,1500,19018,2794,6.8067287043665,-0.02862429737457106
2004,York,200,15489,3737,4.144768530907145,-0.02816983727420308
2024,Monroe,56,15998,3647,4.3866191390183715,-0.027848052095587494
2004,York,410,16294,3715,4.386002691790041,-0.027848052095587494
2008,Dauphin,1145,17824,3585,4.971827057182706,-0.027617493369823776
2016,Monroe,350,14119,3582,3.941652707984366,-0.027611465094230736
2024,York,175,19120,3275,5.8381679389312975,-0.027565479832100004
2008,Lehigh,1010,15880,3741,4.244854317027532,-0.027362004164228182
2012,Westmoreland,2780,18734,3217,5.823437985700964,-0.027238471769339467
2004,Berks,1540,15031,3711,4.050390730261385,-0.027197635017216726
2024,Bucks,1640,16360,3634,4.501926252063842,-0.0271891784835796
2024,Butler,570,19187,2859,6.711087792934593,-0.02716556559176575
2020,Butler,730,14467,3822,3.785190999476714,-0.027024848893228204
2008,Monroe,140,13317,3627,3.6716294458229943,-0.027020145819533492
2008,Monroe,240,13749,3797,3.6210165920463524,-0.02700865316821166
2016,Monroe,23,15064,3678,4.095704187058184,-0.02671202700031483
2024,York,170,19194,3060,6.272549019607843,-0.026416870044739693
2024,Montgomery,2020,19270,3321,5.802469135802469,-0.02626752895834683
2024,Bucks,765,19291,3326,5.800060132291041,-0.02626752895834683
2012,Northampton,1030,15223,3629,4.194819509506751,-0.026226747428028663
2020,Monroe,56,13919,3626,3.838665195808053,-0.026154787031822613
2020,Franklin,250,18728,3212,5.830635118306351,-0.026108895014025357
2008,Fayette,860,13559,3768,3.5984607218683653,-0.02603802113114717
2004,Lancaster,1490,19054,3179,5.9937087134318965,-0.025901543175582686
2016,Monroe,140,16805,3630,4.629476584022038,-0.025805274788029853
2012,Monroe,240,15158,3665,4.135879945429741,-0.02574179607821203
2012,Cumberland,269,18744,3198,5.861163227016886,-0.025695930496637764
2016,Pike,65,13829,3597,3.844592716152349,-0.025669884352958472
2020,Fayette,860,16870,3603,4.682209270052734,-0.025320608504386888
2024,Monroe,175,16187,3606,4.488907376594565,-0.025248739050590774
2008,York,1040,13536,3730,3.6289544235924933,-0.025068701638539248
2008,York,950,15410,3582,4.302065884980458,-0.02493669119506825
2024,Bucks,1340,18711,3162,5.917457305502846,-0.024932408236314374
2000,Monroe,160,16720,3633,4.602257087806221,-0.024836270028411267
2016,York,280,19012,3289,5.7804803891760415,-0.02481357599574896
2016,Pike,10,15656,3588,4.363433667781494,-0.0244526123844373
2012,Cumberland,275,18738,3267,5.735537190082645,-0.02432958045500422
2012,Westmoreland,1690,19054,3327,5.727081454764051,-0.02432958045500422
2024,Chester,260,18796,2773,6.778218535881717,-0.024256969641439197
2000,Chester,1320,14245,3567,3.993552004485562,-0.023733551095568406
2020,Allegheny,7440,5460,3531,1.546304163126593,-0.023586076140971746
2004,Fayette,860,13258,3555,3.729395218002813,-0.023385219230085963
2020,Butler,375,13391,195,68.67179487179487,-0.02335328080822341
2020,York,890,16021,3571,4.486418370204425,-0.0233135440168859
2024,Chester,203,18987,2883,6.585848074921956,-0.023290058589074847
2024,Chester,1535,18742,3376,5.55154028436019,-0.02326237091064476
2020,Bucks,1640,13811,3586,3.851366424986057,-0.023250286037745815
2012,Wayne,190,15577,3542,4.3977978543195935,-0.023002339528861437
2016,Montgomery,1989,16630,3559,4.672660859792076,-0.022902189769126835
2024,Franklin,226,18749,2857,6.562478123906195,-0.022807093490727293
2012,Allegheny,5790,6123,3658,1.6738655002733733,-0.02272018247994334
2012,Columbia,150,10221,4064,2.515009842519685,-0.022673141375429973
2024,Centre,130,19208,3043,6.312191915872495,-0.022545404551751247
2012,Centre,610,11508,4265,2.6982415005861666,-0.022403696399529438
2008,Pike,35,11525,4200,2.744047619047619,-0.0219213307988807
2012,York,1100,17394,3435,5.063755458515284,-0.021908426943684778
2008,Monroe,350,12324,4037,3.0527619519445133,-0.021898778267578245
2012,Chester,590,18536,3157,5.871396895787139,-0.021728371645182487
2016,York,235,18404,3133,5.874241940631982,-0.021728371645182487
2008,Cumberland,760,17281,525,32.91619047619048,-0.021604549964746256
2000,Pike,20,12883,3812,3.3795907660020985,-0.02150021093808263
2016,Erie,1315,17853,3421,5.218649517684887,-0.021426396322238195
2012,Chester,1420,17531,3416,5.132025761124122,-0.021426396322238195
2024,Cumberland,380,18747,2791,6.71694733070584,-0.02136015725443363
2024,Montgomery,1970,19101,3366,5.674688057040998,-0.02133254440711574
2004,Cumberland,730,18240,3205,5.691107644305772,-0.02095076519354999
2020,York,970,18743,3348,5.5982676224611705,-0.02085090328813155
2020,Butler,330,18735,3320,5.643072289156627,-0.02085090328813155
2016,York,970,18585,3170,5.8627760252365935,-0.020764879908435452
2024,Erie,1380,18635,2891,6.445866482186095,-0.020615077087739797
2020,Chester,1410,17514,3405,5.143612334801762,-0.02046331293388781
2000,Cumberland,190,17319,3403,5.089332941522186,-0.02046331293388781
2012,Chester,1510,17587,3418,5.145406670567583,-0.02046331293388781
2008,York,890,14267,3529,4.042788325304619,-0.02042893052967576
2008,Philadelphia,1040,10171,4028,2.525074478649454,-0.02026366370827737
2012,Lehigh,1340,17718,3385,5.23426883308715,-0.019982259726114338
2016,Lehigh,1300,17687,3428,5.159568261376896,-0.019982259726114338
2012,Butler,5,17848,3444,5.182346109175377,-0.019982259726114338
2012,Centre,630,10408,4062,2.5622845888724766,-0.019782745534751345
2024,Chester,1480,17825,2594,6.871626831148805,-0.01964542844700512
2012,Monroe,140,15211,3493,4.354709418837675,-0.019629795356750912
2008,Montgomery,720,14297,3523,4.058189043428896,-0.019467195971929252
2024,York,880,18035,3266,5.522045315370484,-0.019407933619450257
2012,Monroe,23,13512,3562,3.7933745087029758,-0.019296270235700352
2000,Lancaster,1230,18049,3394,5.317913965822039,-0.019266987802365798
2020,Montgomery,2960,17329,3436,5.043364377182771,-0.019021129182314134
2012,Northampton,90,6829,3925,1.739872611464968,-0.019002777137309357
2024,Lancaster,1480,18532,2807,6.602066262914144,-0.018955113818143188
2020,York,235,18034,3276,5.504884004884005,-0.0189275942253726
2020,Montgomery,3300,17216,3475,4.954244604316547,-0.018921538022169337
2016,Lancaster,1060,12309,3838,3.2071391349661282,-0.018630984738671308
2020,Franklin,50,16699,3507,4.761619617907043,-0.018569599662438763
2016,Fayette,860,16652,3522,4.7279954571266325,-0.018569599662438763
2008,Montgomery,1271,14455,3502,4.127641347801257,-0.018506761926956217
2020,Franklin,650,18034,3258,5.535297728667895,-0.018447579712438045
2004,Pike,25,12519,3710,3.3743935309973048,-0.018293492086558394
2004,Pike,10,13182,3524,3.7406356413166857,-0.01829343600057709
2020,Lehigh,920,16854,3522,4.785349233390119,-0.018089827281805415
2020,Chester,380,18082,3140,5.758598726114649,-0.01803902851679695
2004,York,728,14725,3504,4.202340182648402,-0.018027032047095548
2024,Philadelphia,1005,7989,3613,2.211181843343482,-0.017933451427336045
2016,Dauphin,1155,202,2425,0.08329896907216496,-0.01772000769208726
2020,Cumberland,90,7848,3660,2.144262295081967,-0.01770554893041909
2016,York,1040,16731,3517,4.757179414273528,-0.017610379398811493
2008,Pike,10,12047,4100,2.9382926829268294,-0.01758278897125931
2020,York,1130,15975,3505,4.557774607703281,-0.01753928376324243
2016,Montgomery,1987,17030,3418,4.9824458747805735,-0.017482480528166255
2008,Cumberland,650,14855,3527,4.211794726396371,-0.01740566427117174
2024,Northampton,1020,17629,3203,5.503902591320637,-0.017009483263878633
2020,Chester,730,6022,3207,1.8777673838478328,-0.01695072024584665
2024,Lancaster,200,18602,2762,6.734974656046343,-0.01693761572086505
2000,Butler,250,18108,3344,5.4150717703349285,-0.016910174355734275
2004,Cumberland,210,17032,2184,7.798534798534798,-0.01687584538595377
2016,York,890,16492,3498,4.714694110920526,-0.016652456247984615
2012,Chester,60,16416,3514,4.671599317017644,-0.016173980541643984
2008,Philadelphia,1075,13191,3403,3.8762856303261826,-0.01604040983309618
2012,York,890,17972,3324,5.406738868832732,-0.015953198062431895
2012,Montgomery,3320,18311,3091,5.923972824328696,-0.01579073870342207
2020,Northampton,90,5574,3384,1.6471631205673758,-0.0157466945369783
2004,Lehigh,890,16625,3469,4.792447391179014,-0.01569582845592754
2012,Erie,1440,18116,3079,5.88372848327379,-0.015488917312470374
2012,York,280,17554,3362,5.221296847114813,-0.015090532843407223
2024,Allegheny,5790,9218,3870,2.3819121447028424,-0.014991417541730057
2008,Wayne,190,13117,3453,3.798725745728352,-0.014677995737887306
2016,Bucks,1640,13713,3468,3.954152249134948,-0.014607194403809975
2024,Chester,625,17428,3155,5.523930269413629,-0.014590952070639318
2016,Northampton,1030,9978,3882,2.57032457496136,-0.014514065291346578
2004,Erie,1440,18165,2971,6.114102995624369,-0.014387789275258744
2012,Indiana,460,11924,3801,3.137069192317811,-0.014334785293051544
2024,Chester,1080,17943,2969,6.043448972718087,-0.014317017067040805
2020,Centre,630,6533,3359,1.9449240845489728,-0.014145953453536975
2016,Allegheny,5790,10839,3942,2.749619482496195,-0.014107780007504123
2008,Pike,65,11166,3994,2.7956935403104657,-0.014107780007504123
2020,Lehigh,1250,17004,3385,5.023338257016248,-0.014093638351719284
2020,York,80,16231,3495,4.644062947067239,-0.01378645194385697
2024,Chester,1290,18031,2787,6.469680660208109,-0.013763279848302057
2024,Butler,410,18009,2782,6.4734004313443565,-0.013763279848302057
2024,Washington,400,17669,3153,5.603869330796067,-0.013637111963077375
2020,Franklin,240,17646,3163,5.578880809358204,-0.013637111963077375
2024,Lebanon,360,17606,3140,5.607006369426752,-0.013637111963077375
2020,Butler,380,17589,3121,5.635693687920538,-0.013637111963077375
2004,Allegheny,5950,9199,3725,2.4695302013422817,-0.013560329154508999
2024,Delaware,1005,17077,2490,6.858232931726907,-0.013424214559884073
2024,Lehigh,930,17941,3093,5.800517297122535,-0.013259458453367956
2024,Cumberland,160,17654,3110,5.67652733118971,-0.013259458453367956
2020,Northampton,990,14120,3424,4.123831775700935,-0.013247542876176355
2024,Lehigh,1200,17405,3254,5.34880147510756,-0.013188799487304559
2012,Chester,1355,17346,3303,5.251589464123524,-0.013182792255562292
2024,York,245,18022,2710,6.650184501845018,-0.013018557087552285
2008,Clearfield,640,16128,3462,4.658578856152513,-0.012833699727629155
2020,Franklin,315,17342,3140,5.522929936305733,-0.012684561692959395
2004,Monroe,173,10637,3929,2.7073046576737085,-0.012678483372444926
2008,Pike,55,9692,3948,2.4549138804457953,-0.012607882714520069
2004,Lehigh,880,17535,3312,5.294384057971015,-0.012474362962490826
2012,Lebanon,60,17508,3307,5.29422437254309,-0.012474362962490826
2008,York,630,14509,3403,4.263590949162504,-0.01245647694627483
2020,York,700,14706,3409,4.313875036667644,-0.01245647694627483
2008,Montgomery,3540,14844,3427,4.33148526407937,-0.01245647694627483
2024,Bucks,10,18313,3058,5.988554610856769,-0.012452268671278355
2016,Butler,420,17034,3133,5.436961378870093,-0.01244698319169224
2008,Monroe,23,11813,3723,3.172978780553317,-0.012429087253839954
2008,Centre,630,11905,3565,3.3394109396914446,-0.0120240030273292
2008,York,590,13815,3443,4.012489108335754,-0.011819990544273185
2024,Wayne,260,17303,3237,5.3453815261044175,-0.01176136626939317
2024,York,430,17103,3352,5.102326968973747,-0.011755371218516886
2000,Monroe,220,13643,3441,3.964835803545481,-0.011749476046874707
2008,Cumberland,730,13266,3381,3.9236912156166817,-0.011749476046874707
2004,Lancaster,1540,17358,3128,5.54923273657289,-0.011733299516092921
2024,Cumberland,475,17381,3124,5.563700384122919,-0.011733299516092921
2004,Monroe,140,12977,3428,3.7855892648774794,-0.011721409768594149
2004,Monroe,350,12100,3593,3.3676593376008905,-0.011619152150701084
2012,Berks,690,12392,3504,3.536529680365297,-0.011597485403419983
2008,Northampton,1030,12425,3493,3.5571142284569137,-0.011597485403419983
2024,Northampton,615,17754,3363,5.27921498661909,-0.011523385028435085
2008,Cumberland,750,2759,3050,0.9045901639344263,-0.0114854332292198
2004,Chester,1510,16752,3429,4.8853893263342085,-0.011308463718128103
2016,Butler,330,17913,3061,5.852009147337472,-0.011201331513125301
2008,Chester,350,17088,3253,5.252997233323087,-0.011043103479849159
2004,Lancaster,1730,17819,3064,5.815600522193211,-0.010881772825945712
2008,York,235,15599,3419,4.562445159403334,-0.010861633269682036
2020,Bucks,820,17141,3334,5.14127174565087,-0.010805365546442958
2000,York,240,17059,3288,5.1882603406326036,-0.010805365546442958
2020,Cumberland,160,17628,3115,5.659069020866774,-0.010783323690644164
2004,Bucks,1640,12086,3523,3.430598921373829,-0.010669330681883915
2008,Centre,640,12628,3522,3.5854628052243043,-0.010647693233624467
2012,Franklin,250,18304,2859,6.402238544945785,-0.010624920067884736
2004,Columbia,150,9934,3811,2.606664917344529,-0.010232397599049259
2008,Northampton,90,8876,3660,2.425136612021858,-0.010232397599049259
2012,Bucks,20,17289,3211,5.384303955154158,-0.010001702399871637
2012,Lebanon,350,0,2320,0.0,-0.009959399699534854
2024,York,840,16922,3232,5.235767326732673,-0.009953592453685545
2004,Chester,1320,15221,3376,4.508590047393365,-0.009912836161456773
2004,Chester,1770,17860,3057,5.8423290807981685,-0.009304102216859178
2024,Chester,750,17797,2734,6.509509875640088,-0.009289677151781084
2024,Monroe,26,16980,3277,5.181568507781508,-0.009242439252638679
2024,Butler,370,17703,2651,6.6778574122972465,-0.009219416603078234
2004,Monroe,370,10340,3533,2.9266911972827625,-0.00918622636273414
2004,Montgomery,1945,0,2191,0.0,-0.009011822643426037
2012,Dauphin,1155,26,1899,0.01369141653501843,-0.009011822643426037
2024,Wayne,290,17194,3235,5.314992272024729,-0.008915177185204959
2024,Northampton,990,16074,3429,4.687664041994751,-0.008562233156189092
2020,Bucks,2250,16287,3434,4.74286546301689,-0.008562233156189092
2004,York,235,16908,3290,5.139209726443769,-0.008295831711674806
2004,Monroe,240,12207,3462,3.5259965337954937,-0.008124173847885885
2004,Montgomery,1307,0,1890,0.0,-0.008065526955502889
2024,Bucks,1915,17430,3059,5.697940503432494,-0.008039147229163324
2016,Pike,55,13060,3351,3.897344076395106,-0.008027320003867744
2008,Westmoreland,1690,16403,3402,4.821575543797766,-0.007991172016415526
2016,Centre,620,9567,3659,2.6146488111505874,-0.007864935009702867
2020,Montgomery,3290,16913,3276,5.162698412698413,-0.007823008070865
2024,Chester,1860,16406,2388,6.870184254606365,-0.007729921060207201
2016,Chester,203,18118,3040,5.959868421052631,-0.007710370276036604
2012,Erie,1315,16947,3201,5.294283036551078,-0.007356461689902893
2024,Chester,385,18161,2873,6.321266968325792,-0.00731085804604148
2016,Cumberland,350,18027,2857,6.309765488274413,-0.00731085804604148
2016,Chester,1832,18003,2858,6.299160251924422,-0.00731085804604148
2012,Montgomery,3270,16289,3431,4.747595453220636,-0.007144181228574076
2020,Chester,270,17655,3062,5.765839320705421,-0.007094166848868877
2024,Lancaster,50,17448,3065,5.692659053833605,-0.007094166848868877
2012,Pike,65,11481,3731,3.0771911015813456,-0.0067149742572431
2016,Allegheny,7440,11472,3734,3.0723085163363684,-0.0067149742572431
2024,Chester,365,16057,2199,7.301955434288313,-0.00642049971074099
2004,Delaware,2915,10031,3488,2.875860091743119,-0.0063504699150030985
2008,Montgomery,1987,14331,3318,4.319168173598554,-0.00629821709401146
2004,Pike,50,12056,3471,3.473350619418035,-0.006256762478152544
2016,Monroe,56,12878,3416,3.769906323185012,-0.006249161224586741
2008,Montgomery,3270,14095,3374,4.177534084173089,-0.006138669065370972
2024,Northampton,970,17178,3099,5.543078412391094,-0.006052679035185804
2012,Pike,55,9739,3537,2.7534633870511733,-0.005976722946922863
2024,Westmoreland,680,17957,2866,6.265526866713189,-0.005895343532209774
2012,Allegheny,7440,7740,3268,2.3684210526315788,-0.005892497593873336
2008,York,1100,14569,3372,4.3205812574139975,-0.005826744554794705
2004,Lehigh,1010,16621,3259,5.100030684258975,-0.005769517621327935
2016,Luzerne,480,15147,3359,4.5093777910092285,-0.005659101494841057
2024,Lehigh,1320,17290,3081,5.6118143459915615,-0.005581372567472376
2012,Lehigh,1290,16628,3369,4.9355891956070055,-0.005533566085996533
2000,Monroe,176,11689,3461,3.3773475874024848,-0.005468224796697285
2024,Butler,500,17161,2584,6.641253869969041,-0.005440784138439625
2020,Monroe,26,14351,3292,4.359356014580802,-0.005355590899557616
2000,York,160,14356,3277,4.380836130607263,-0.005355590899557616
2008,York,280,14227,3306,4.303387779794313,-0.005355590899557616
2024,Butler,730,16861,3223,5.231461371393112,-0.005298402671955471
2024,Allegheny,7440,8416,3338,2.5212702216896345,-0.005104371996161872
2000,Chester,80,14220,3228,4.405204460966543,-0.005050645474393378
2016,Luzerne,1300,14236,3239,4.3951836986724295,-0.004649811619558908
2024,Centre,270,17203,2610,6.591187739463601,-0.004499317414134896
2008,Chester,1510,14588,3314,4.401931200965601,-0.004414239378449536
2016,York,790,16437,3227,5.0935853734118375,-0.004357128484057449
2024,Montgomery,2485,17845,2958,6.032792427315754,-0.004271955129021454
2008,Perry,40,13038,3260,3.9993865030674844,-0.0039506591997610085
2020,Montgomery,2195,16815,3266,5.148499693815064,-0.003886968814645564
2012,Montgomery,1987,16641,3232,5.148824257425742,-0.003886968814645564
2024,Lancaster,1700,17203,3079,5.587203637544658,-0.0036993322578701138
2024,Lebanon,380,17201,3080,5.58474025974026,-0.0036993322578701138
2008,Monroe,267,10444,3521,2.966202783300199,-0.003681658933660903
2024,Butler,820,17106,2556,6.692488262910798,-0.0035591237952737886
2012,York,235,16719,3356,4.981823599523242,-0.003554220297529387
2020,Venango,560,0,27,0.0,-0.003487388586850937
2024,Clarion,245,0,26,0.0,-0.003487388586850937
2024,Venango,560,0,28,0.0,-0.003487388586850937
2020,Clarion,245,0,22,0.0,-0.003487388586850937
2008,Westmoreland,2780,16419,3215,5.1069984447900465,-0.0034171271412440918
2024,York,1120,16522,3217,5.135840845508238,-0.0034171271412440918
2008,Philadelphia,11720,3,8,0.375,-0.0033496024142247727
2016,Butler,10,17783,3027,5.874793524942187,-0.0033487171688942885
2020,Monroe,267,13506,3333,4.052205220522052,-0.0033152591535634546
2000,Lancaster,1680,14689,3298,4.453911461491813,-0.003307083913856146
2020,York,790,15092,3319,4.547152756854474,-0.003307083913856146
2008,Lebanon,490,15153,3335,4.543628185907046,-0.003307083913856146
2012,Lancaster,1060,10700,3457,3.095169221868672,-0.0032816136872875212
2008,Lebanon,60,13921,3157,4.409566043712386,-0.0032396929105708017
2012,Lancaster,1480,17027,3100,5.49258064516129,-0.003228259485149265
2000,Monroe,53,10234,3458,2.9595141700404857,-0.003211956123133408
2004,Westmoreland,2780,16844,3132,5.3780332056194124,-0.003187894355157761
2016,Cumberland,130,12804,3405,3.760352422907489,-0.003111103530630821
2000,Montgomery,2730,14336,3203,4.475803933812051,-0.0030726724438727704
2020,Cumberland,475,16451,3159,5.207660652105097,-0.0030172342791371376
2016,Erie,1440,16798,3351,5.012831990450612,-0.0026153046933370394
2004,Chester,350,17445,3003,5.8091908091908095,-0.0025634692862905872
2020,Montgomery,455,0,47,0.0,-0.002548563356340905
2024,Montgomery,455,0,48,0.0,-0.002548563356340905
2020,Lehigh,515,0,34,0.0,-0.002548563356340905
2020,Bucks,2810,16420,3196,5.137672090112641,-0.002547980857196208
2004,Lancaster,2120,17688,2759,6.411018484958318,-0.0025063406802794397
2024,Montgomery,2750,17582,3000,5.860666666666667,-0.0024100794578498785
2016,Franklin,240,17616,2982,5.907444668008048,-0.0024100794578498785
2016,York,840,13814,3231,4.275456515010832,-0.002301202628397947
2024,Lehigh,1220,17097,3067,5.574502771437887,-0.0022911408362426
2020,Bucks,765,16450,3337,4.929577464788732,-0.0022435602359242024
2008,Monroe,56,9320,3335,2.7946026986506745,-0.002215594764132356
2024,Chester,70,16930,3069,5.516454871293581,-0.002152236171753863
2012,Dauphin,1360,17559,3028,5.7988771466314395,-0.002094522771697749
2020,Cumberland,620,15745,2290,6.8755458515283845,-0.001984458157617719
2020,Centre,268,1,1,1.0,-0.0019421201399333343
2024,Chester,690,17190,2638,6.516300227445034,-0.001752053043497348
2000,Fayette,860,13442,3248,4.138546798029557,-0.0016739076079532733
2008,Erie,1440,16440,3170,5.186119873817034,-0.0016104259478387783
2004,Erie,1080,1382,2907,0.47540419676642587,-0.001581188612194917
2012,York,590,16366,3211,5.096854562441607,-0.0015409361083418283
2004,Butler,410,16510,3292,5.015188335358444,-0.0012093113548113932
2016,Cumberland,620,16391,3276,5.003357753357753,-0.0012093113548113932
2020,Lancaster,1060,7773,3163,2.457477078722732,-0.0011948319070791413
2020,Butler,381,13,16,0.8125,-0.0011427053492495398
2020,Butler,545,16,18,0.8888888888888888,-0.0011427053492495398
2024,York,415,15765,1130,13.951327433628318,-0.0010317930299346134
2016,Northampton,601,16462,3326,4.949488875526158,-0.0008383206837752066
2024,Lancaster,2125,16466,2421,6.801321767864518,-0.0008192149191885711
2004,York,890,14164,3168,4.470959595959596,-0.000798798174694082
2024,Indiana,615,13,14,0.9285714285714286,-0.0006747197789758186
2020,Northampton,615,14826,3256,4.553439803439804,-0.0006323651275025322
2020,York,630,15509,3307,4.689749017236165,-0.0004675289096370827
2008,Berks,690,15014,3282,4.574649603900061,-0.00039815377419727405
2008,Westmoreland,1680,16385,3343,4.901286269817529,-0.00037054098634747845
